Account,Date,Channel,Industry,Location,kWh,high,low,average,power_factor,kVARh
26440191000,01/01/2014,605105506 1 kWh,SCH,DEVER.MCCORMICK,882,29.1,19.2,24.15,0.912351826,404.07
26440191000,01/02/2014,605105506 1 kWh,SCH,DEVER.MCCORMICK,1317.63,26.2,2.1,14.15,0.903970663,621.15
26440191000,01/03/2014,605105506 1 kWh,SCH,DEVER.MCCORMICK,1142.61,14.2,2.1,8.15,0.907905948,529.89
26440191000,01/04/2014,605105506 1 kWh,SCH,DEVER.MCCORMICK,988.05,27.1,2.1,14.6,0.903870757,476.28
26440191000,01/05/2014,605105506 1 kWh,SCH,DEVER.MCCORMICK,1023.18,37.9,24.3,31.1,0.895982764,512.1
26440191000,01/06/2014,605105506 1 kWh,SCH,DEVER.MCCORMICK,2087.15997,55.9,29.1,42.5,0.957526854,424.23
26440191000,01/07/2014,605105506 1 kWh,SCH,DEVER.MCCORMICK,2192.429968,29.1,9.1,19.1,0.95783608,478.41
26440191000,01/08/2014,605105506 1 kWh,SCH,DEVER.MCCORMICK,2256.089978,22.1,7.2,14.65,0.964765802,454.53
26440191000,01/09/2014,605105506 1 kWh,SCH,DEVER.MCCORMICK,2229.119975,30.2,19.2,24.7,0.965017233,465.48
26440191000,01/10/2014,605105506 1 kWh,SCH,DEVER.MCCORMICK,2009.039974,37,18.1,27.55,0.964121003,422.19
26440191000,01/11/2014,605105506 1 kWh,SCH,DEVER.MCCORMICK,834.6,59,34,46.5,0.926863125,340.26
26440191000,01/12/2014,605105506 1 kWh,SCH,DEVER.MCCORMICK,803.82,54,37,45.5,0.928748229,321.6
26440191000,01/13/2014,605105506 1 kWh,SCH,DEVER.MCCORMICK,2130.11997,51.1,31.1,41.1,0.958727646,461.16
26440191000,01/14/2014,605105506 1 kWh,SCH,DEVER.MCCORMICK,2123.789976,50,44.1,47.05,0.9648895,407.34
26440191000,01/15/2014,605105506 1 kWh,SCH,DEVER.MCCORMICK,1978.829976,48,35.1,41.55,0.964252736,402.66
26440191000,01/16/2014,605105506 1 kWh,SCH,DEVER.MCCORMICK,2120.789974,39,33.1,36.05,0.963253319,417.33
26440191000,01/17/2014,605105506 1 kWh,SCH,DEVER.MCCORMICK,1887.089986,46,33.1,39.55,0.965247024,398.97
26440191000,01/18/2014,605105506 1 kWh,SCH,DEVER.MCCORMICK,828.81,37.9,32,34.95,0.916524302,364.14
26440191000,01/19/2014,605105506 1 kWh,SCH,DEVER.MCCORMICK,898.56,35.1,30.2,32.65,0.912489236,406.14
26440191000,01/20/2014,605105506 1 kWh,SCH,DEVER.MCCORMICK,1013.97,41,26.2,33.6,0.898863684,502.02
26440191000,01/21/2014,605105506 1 kWh,SCH,DEVER.MCCORMICK,2107.439973,26.2,11.1,18.65,0.958816517,469.92
26440191000,01/22/2014,605105506 1 kWh,SCH,DEVER.MCCORMICK,1277.67,18.1,7.2,12.65,0.932319372,482.34
26440191000,01/23/2014,605105506 1 kWh,SCH,DEVER.MCCORMICK,2273.699969,22.1,6.3,14.2,0.961075958,488.28
26440191000,01/24/2014,605105506 1 kWh,SCH,DEVER.MCCORMICK,2191.07997,19.2,7.2,13.2,0.954244181,540.66
26440191000,01/25/2014,605105506 1 kWh,SCH,DEVER.MCCORMICK,960.72,37.9,15.3,26.6,0.913670302,434.07
26440191000,01/26/2014,605105506 1 kWh,SCH,DEVER.MCCORMICK,894.75,26.2,16.2,21.2,0.91144242,407.52
26440191000,01/27/2014,605105506 1 kWh,SCH,DEVER.MCCORMICK,2182.709971,46.9,21.2,34.05,0.959285497,440.61
26440191000,01/28/2014,605105506 1 kWh,SCH,DEVER.MCCORMICK,2254.769975,21.2,13.1,17.15,0.963522344,483.54
26440191000,01/29/2014,605105506 1 kWh,SCH,DEVER.MCCORMICK,2183.339976,27.1,15.3,21.2,0.964626128,448.62
26440191000,01/30/2014,605105506 1 kWh,SCH,DEVER.MCCORMICK,2163.449978,30.2,16.2,23.2,0.962555073,468.93
26440191000,02/02/2014,605105506 1 kWh,SCH,DEVER.MCCORMICK,817.08,55,31.1,43.05,0.931827656,318.87
26440191000,02/03/2014,605105506 1 kWh,SCH,DEVER.MCCORMICK,2183.309974,41,27.1,34.05,0.965837326,434.1
26440191000,02/04/2014,605105506 1 kWh,SCH,DEVER.MCCORMICK,2104.889975,35.1,23.2,29.15,0.970951319,399
26440191000,02/05/2014,605105506 1 kWh,SCH,DEVER.MCCORMICK,1107.48,33.1,24.3,28.7,0.937335594,411.12
26440191000,02/07/2014,605105506 1 kWh,SCH,DEVER.MCCORMICK,1982.969983,30.2,19.2,24.7,0.966608965,421.98
26440191000,02/08/2014,605105506 1 kWh,SCH,DEVER.MCCORMICK,932.04,29.1,18.1,23.6,0.91252125,420.81
26440191000,02/09/2014,605105506 1 kWh,SCH,DEVER.MCCORMICK,927.75,30.2,21.2,25.7,0.911298938,422.22
26440191000,02/10/2014,605105506 1 kWh,SCH,DEVER.MCCORMICK,2162.279974,30.2,20.1,25.15,0.961620264,470.64
26440191000,02/11/2014,605105506 1 kWh,SCH,DEVER.MCCORMICK,2147.339968,25.2,14.2,19.7,0.966816569,452.61
26440191000,02/12/2014,605105506 1 kWh,SCH,DEVER.MCCORMICK,2126.729969,23.2,8.2,15.7,0.963872615,475.62
26440191000,02/13/2014,605105506 1 kWh,SCH,DEVER.MCCORMICK,2131.919968,36,21.2,28.6,0.962073375,451.32
26440191000,02/14/2014,605105506 1 kWh,SCH,DEVER.MCCORMICK,1964.549977,37,29.1,33.05,0.964958361,430.05
26440191000,02/15/2014,605105506 1 kWh,SCH,DEVER.MCCORMICK,930.45,35.1,27.1,31.1,0.917976983,404.76
26440191000,02/16/2014,605105506 1 kWh,SCH,DEVER.MCCORMICK,955.77,33.1,23.2,28.15,0.915887993,422.1
26440191000,02/17/2014,605105506 1 kWh,SCH,DEVER.MCCORMICK,946.92,29.1,14.2,21.65,0.909264663,436.83
26440191000,02/18/2014,605105506 1 kWh,SCH,DEVER.MCCORMICK,1497.539999,35.1,14.2,24.65,0.946040233,482.22
26440191000,02/19/2014,605105506 1 kWh,SCH,DEVER.MCCORMICK,1446.3,36,21.2,28.6,0.952833257,432.63
26440191000,02/20/2014,605105506 1 kWh,SCH,DEVER.MCCORMICK,1442.61,48,33.1,40.55,0.952815396,422.49
26440191000,02/21/2014,605105506 1 kWh,SCH,DEVER.MCCORMICK,1352.549999,44.1,34,39.05,0.950239278,409.17
26440191000,02/22/2014,605105506 1 kWh,SCH,DEVER.MCCORMICK,743.31,50,34,42,0.916693625,324.42
26440191000,02/23/2014,605105506 1 kWh,SCH,DEVER.MCCORMICK,760.05,52,34,43,0.915631899,335.43
26440191000,02/24/2014,605105506 1 kWh,SCH,DEVER.MCCORMICK,2054.909966,45,24.3,34.65,0.960326997,451.17
26440191000,02/25/2014,605105506 1 kWh,SCH,DEVER.MCCORMICK,2159.27997,29.1,22.1,25.6,0.964393806,455.04
26440191000,02/26/2014,605105506 1 kWh,SCH,DEVER.MCCORMICK,2167.679976,32,16.2,24.1,0.965096135,454.44
26440191000,02/27/2014,605105506 1 kWh,SCH,DEVER.MCCORMICK,2202.809966,30.2,12.2,21.2,0.967003604,456.72
26440191000,02/28/2014,605105506 1 kWh,SCH,DEVER.MCCORMICK,2004.80998,25.2,10.2,17.7,0.964229556,441.03
26440191000,03/01/2014,605105506 1 kWh,SCH,DEVER.MCCORMICK,924.9,36,16.2,26.1,0.927029684,377.4
26440191000,03/02/2014,605105506 1 kWh,SCH,DEVER.MCCORMICK,1017.39,39.9,30.2,35.05,0.920690653,434.7
26440191000,03/03/2014,605105506 1 kWh,SCH,DEVER.MCCORMICK,2262.239974,30.2,16.2,23.2,0.966255392,480.9
26440191000,03/04/2014,605105506 1 kWh,SCH,DEVER.MCCORMICK,2201.429971,31.1,12.2,21.65,0.970891556,440.46
26440191000,03/05/2014,605105506 1 kWh,SCH,DEVER.MCCORMICK,2100.629976,29.1,20.1,24.6,0.969195125,422.19
26440191000,03/06/2014,605105506 1 kWh,SCH,DEVER.MCCORMICK,2139.719968,25.2,11.1,18.15,0.969696292,417.09
26440191000,03/07/2014,605105506 1 kWh,SCH,DEVER.MCCORMICK,2017.46998,34,16.2,25.1,0.968294274,393.51
26440191000,03/08/2014,605105506 1 kWh,SCH,DEVER.MCCORMICK,818.61,55,27.1,41.05,0.923745653,340.44
26440191000,03/10/2014,605105506 1 kWh,SCH,DEVER.MCCORMICK,2199.869965,44.1,28.2,36.15,0.96396224,472.32
26440191000,03/11/2014,605105506 1 kWh,SCH,DEVER.MCCORMICK,2054.549989,60.1,34,47.05,0.965142094,414.63
26440191000,03/13/2014,605105506 1 kWh,SCH,DEVER.MCCORMICK,2089.679974,37,17.2,27.1,0.96485124,457.41
26440191000,03/14/2014,605105506 1 kWh,SCH,DEVER.MCCORMICK,2012.669982,39,16.2,27.6,0.962760003,426.48
26440191000,03/15/2014,605105506 1 kWh,SCH,DEVER.MCCORMICK,802.86,57,37.9,47.45,0.920623285,341.25
26440191000,03/16/2014,605105506 1 kWh,SCH,DEVER.MCCORMICK,857.49,37,23.2,30.1,0.919875813,368.13
26440191000,03/17/2014,605105506 1 kWh,SCH,DEVER.MCCORMICK,901.44,27.1,16.2,21.65,0.919648125,388.83
26440191000,03/18/2014,605105506 1 kWh,SCH,DEVER.MCCORMICK,2173.079971,33.1,20.1,26.6,0.961242132,478.62
26440191000,03/19/2014,605105506 1 kWh,SCH,DEVER.MCCORMICK,2140.079967,41,27.1,34.05,0.96545184,429.36
26440191000,03/20/2014,605105506 1 kWh,SCH,DEVER.MCCORMICK,2099.639981,52,37,44.5,0.966802486,418.8
26440191000,03/21/2014,605105506 1 kWh,SCH,DEVER.MCCORMICK,1952.849984,45,34,39.5,0.966013378,404.22
26440191000,03/22/2014,605105506 1 kWh,SCH,DEVER.MCCORMICK,869.1,57,28.2,42.6,0.930652017,339.06
26440191000,03/23/2014,605105506 1 kWh,SCH,DEVER.MCCORMICK,859.53,44.1,22.1,33.1,0.921581597,364.56
26440191000,03/24/2014,605105506 1 kWh,SCH,DEVER.MCCORMICK,2209.379971,33.1,17.2,25.15,0.960125031,488.88
26440191000,03/25/2014,605105506 1 kWh,SCH,DEVER.MCCORMICK,2195.399971,39,21.2,30.1,0.962190698,501.3
26440191000,03/26/2014,605105506 1 kWh,SCH,DEVER.MCCORMICK,2163.569975,35.1,24.3,29.7,0.966489642,449.76
26440191000,03/27/2014,605105506 1 kWh,SCH,DEVER.MCCORMICK,2168.549967,46,21.2,33.6,0.96796942,444.48
26440191000,03/28/2014,605105506 1 kWh,SCH,DEVER.MCCORMICK,1949.489973,60.1,35.1,47.6,0.966543878,380.13
26440191000,03/29/2014,605105506 1 kWh,SCH,DEVER.MCCORMICK,815.28,52,39,45.5,0.924740417,336.06
26440191000,03/30/2014,605105506 1 kWh,SCH,DEVER.MCCORMICK,827.43,43,36,39.5,0.927792458,335.28
26440191000,03/31/2014,605105506 1 kWh,SCH,DEVER.MCCORMICK,2182.859967,42.1,34,38.05,0.96090001,505.08
26440191000,04/01/2014,605105506 1 kWh,SCH,DEVER.MCCORMICK,1992.299965,46.9,34,40.45,0.967707747,385.02
26440191000,04/02/2014,605105506 1 kWh,SCH,DEVER.MCCORMICK,1985.63997,46,37,41.5,0.969784451,386.1
26440191000,04/03/2014,605105506 1 kWh,SCH,DEVER.MCCORMICK,1936.379981,54,34,44,0.968335361,376.26
26440191000,04/04/2014,605105506 1 kWh,SCH,DEVER.MCCORMICK,1857.719985,44.1,37,40.55,0.969723267,348.06
26440191000,04/05/2014,605105506 1 kWh,SCH,DEVER.MCCORMICK,866.91,54,37.9,45.95,0.937828285,320.37
26440191000,04/06/2014,605105506 1 kWh,SCH,DEVER.MCCORMICK,864.06,59,35.1,47.05,0.939469545,316.29
26440191000,04/07/2014,605105506 1 kWh,SCH,DEVER.MCCORMICK,1989.47997,59,37.9,48.45,0.969139767,375.48
26440191000,04/08/2014,605105506 1 kWh,SCH,DEVER.MCCORMICK,1988.879978,64.9,43,53.95,0.967289181,380.85
26440191000,04/09/2014,605105506 1 kWh,SCH,DEVER.MCCORMICK,1901.639982,59,41,50,0.965944132,361.83
26440191000,04/10/2014,605105506 1 kWh,SCH,DEVER.MCCORMICK,1918.079973,60.1,34,47.05,0.966611028,352.59
26440191000,04/11/2014,605105506 1 kWh,SCH,DEVER.MCCORMICK,1839.86998,69.1,48,58.55,0.965504122,357.06
26440191000,04/12/2014,605105506 1 kWh,SCH,DEVER.MCCORMICK,813.9,69.1,48.9,59,0.923800271,337.74
26440191000,04/13/2014,605105506 1 kWh,SCH,DEVER.MCCORMICK,810.84,63,45,54,0.926862108,328.92
26440191000,04/14/2014,605105506 1 kWh,SCH,DEVER.MCCORMICK,1928.339981,75,57,66,0.965462184,386.13
26440191000,04/15/2014,605105506 1 kWh,SCH,DEVER.MCCORMICK,1989.689971,68,41,54.5,0.968331299,382.74
26440191000,04/16/2014,605105506 1 kWh,SCH,DEVER.MCCORMICK,1930.859977,45,31.1,38.05,0.967370451,374.13
26440191000,04/17/2014,605105506 1 kWh,SCH,DEVER.MCCORMICK,1919.279965,39.9,32,35.95,0.96949384,369.54
26440191000,04/18/2014,605105506 1 kWh,SCH,DEVER.MCCORMICK,818.31,42.1,31.1,36.6,0.937889288,302.4
26440191000,04/19/2014,605105506 1 kWh,SCH,DEVER.MCCORMICK,821.7,63,37,50,0.934088969,314.88
26440191000,04/20/2014,605105506 1 kWh,SCH,DEVER.MCCORMICK,809.4,48,39,43.5,0.933381097,311.73
26440191000,04/21/2014,605105506 1 kWh,SCH,DEVER.MCCORMICK,926.94,69.1,36,52.55,0.934988285,350.76
26440191000,04/22/2014,605105506 1 kWh,SCH,DEVER.MCCORMICK,1234.08,73,46.9,59.95,0.95766892,351.84
26440191000,04/23/2014,605105506 1 kWh,SCH,DEVER.MCCORMICK,1270.14,57,46,51.5,0.962209108,339.21
26440191000,04/24/2014,605105506 1 kWh,SCH,DEVER.MCCORMICK,1199.22,59,42.1,50.55,0.958311236,333.66
26440191000,04/25/2014,605105506 1 kWh,SCH,DEVER.MCCORMICK,1105.41,57,43,50,0.954461181,323.43
26440191000,04/26/2014,605105506 1 kWh,SCH,DEVER.MCCORMICK,748.02,46.9,42.1,44.5,0.926262556,305.1
26440191000,04/27/2014,605105506 1 kWh,SCH,DEVER.MCCORMICK,743.61,50,41,45.5,0.929775,294.66
26440191000,04/28/2014,605105506 1 kWh,SCH,DEVER.MCCORMICK,1961.669969,54,42.1,48.05,0.965826486,379.92
26440191000,04/29/2014,605105506 1 kWh,SCH,DEVER.MCCORMICK,1951.25998,44.1,42.1,43.1,0.968263844,365.19
26440191000,04/30/2014,605105506 1 kWh,SCH,DEVER.MCCORMICK,1969.139968,45,41,43,0.970876104,347.97
26440191000,05/01/2014,605105506 1 kWh,SCH,DEVER.MCCORMICK,1952.939976,60.1,44.1,52.1,0.971674476,347.37
26440191000,05/02/2014,605105506 1 kWh,SCH,DEVER.MCCORMICK,1762.289978,69.1,50,59.55,0.969596646,341.04
26440191000,05/03/2014,605105506 1 kWh,SCH,DEVER.MCCORMICK,824.97,66.9,50,58.45,0.93757559,306.12
26440191000,05/04/2014,605105506 1 kWh,SCH,DEVER.MCCORMICK,810.54,62.1,50,56.05,0.934922934,308.22
26440191000,05/05/2014,605105506 1 kWh,SCH,DEVER.MCCORMICK,1863.899981,66,50,58,0.969363559,348.66
26440191000,05/06/2014,605105506 1 kWh,SCH,DEVER.MCCORMICK,1834.349989,64,46.9,55.45,0.966399872,353.82
26440191000,05/07/2014,605105506 1 kWh,SCH,DEVER.MCCORMICK,1903.349974,69.1,46.9,58,0.964640597,377.85
26440191000,05/08/2014,605105506 1 kWh,SCH,DEVER.MCCORMICK,1880.789981,62.1,48,55.05,0.969949233,353.67
26440191000,05/09/2014,605105506 1 kWh,SCH,DEVER.MCCORMICK,1788.029989,59,50,54.5,0.968853705,324.87
26440191000,05/10/2014,605105506 1 kWh,SCH,DEVER.MCCORMICK,778.26,80.1,57,68.55,0.927789649,313.44
26440191000,05/11/2014,605105506 1 kWh,SCH,DEVER.MCCORMICK,784.56,80.1,62.1,71.1,0.924042861,325.26
26440191000,05/12/2014,605105506 1 kWh,SCH,DEVER.MCCORMICK,1867.22998,84.9,52,68.45,0.959767264,407.79
26440191000,05/13/2014,605105506 1 kWh,SCH,DEVER.MCCORMICK,1892.879984,52,46,49,0.961669625,369.63
26440191000,05/14/2014,605105506 1 kWh,SCH,DEVER.MCCORMICK,1842.119982,63,46,54.5,0.964622247,346.74
26440191000,05/15/2014,605105506 1 kWh,SCH,DEVER.MCCORMICK,1901.99998,77,57,67,0.962931663,384.27
26440191000,05/16/2014,605105506 1 kWh,SCH,DEVER.MCCORMICK,1758.269988,73,59,66,0.959395094,387.66
26440191000,05/17/2014,605105506 1 kWh,SCH,DEVER.MCCORMICK,850.98,75,57.9,66.45,0.913134476,380.1
26440191000,05/18/2014,605105506 1 kWh,SCH,DEVER.MCCORMICK,838.89,63,52,57.5,0.911463229,379.23
26440191000,05/19/2014,605105506 1 kWh,SCH,DEVER.MCCORMICK,1859.219974,68,52,60,0.961090764,375.45
26440191000,05/20/2014,605105506 1 kWh,SCH,DEVER.MCCORMICK,1858.889986,69.1,53.1,61.1,0.960638628,386.64
26440191000,05/21/2014,605105506 1 kWh,SCH,DEVER.MCCORMICK,1876.409979,64.9,52,58.45,0.959550007,406.41
26440191000,05/22/2014,605105506 1 kWh,SCH,DEVER.MCCORMICK,1913.699984,59,51.1,55.05,0.964380694,375.66
26440191000,05/23/2014,605105506 1 kWh,SCH,DEVER.MCCORMICK,1742.519976,57,52,54.5,0.958901573,375.81
26440191000,05/24/2014,605105506 1 kWh,SCH,DEVER.MCCORMICK,819.84,61,52,56.5,0.916616583,358.29
26440191000,05/25/2014,605105506 1 kWh,SCH,DEVER.MCCORMICK,808.32,66,52,59,0.914000993,359.37
26440191000,05/27/2014,605105506 1 kWh,SCH,DEVER.MCCORMICK,1885.769985,73.9,50,61.95,0.961094097,376.05
26440191000,05/28/2014,605105506 1 kWh,SCH,DEVER.MCCORMICK,1832.87998,50,44.1,47.05,0.965918292,317.4
26440191000,05/29/2014,605105506 1 kWh,SCH,DEVER.MCCORMICK,1781.849972,57.9,43,50.45,0.96189592,344.82
26440191000,05/30/2014,605105506 1 kWh,SCH,DEVER.MCCORMICK,1676.819987,66,48,57,0.958674938,364.29
26440191000,05/31/2014,605105506 1 kWh,SCH,DEVER.MCCORMICK,824.19,60.1,52,56.05,0.910827347,372.03
26440191000,06/01/2014,605105506 1 kWh,SCH,DEVER.MCCORMICK,793.14,66,51.1,58.55,0.910634983,360.54
26440191000,06/02/2014,605105506 1 kWh,SCH,DEVER.MCCORMICK,1813.799983,82.9,55.9,69.4,0.957307059,404.4
26440191000,06/03/2014,605105506 1 kWh,SCH,DEVER.MCCORMICK,1848.689981,72,57,64.5,0.957834826,426.96
26440191000,06/04/2014,605105506 1 kWh,SCH,DEVER.MCCORMICK,1829.819977,60.1,55,57.55,0.957103333,415.89
26440191000,06/05/2014,605105506 1 kWh,SCH,DEVER.MCCORMICK,1847.099982,60.1,57,58.55,0.958739809,385.71
26440191000,06/06/2014,605105506 1 kWh,SCH,DEVER.MCCORMICK,1572.329991,75.9,57,66.45,0.95613433,372.54
26440191000,06/07/2014,605105506 1 kWh,SCH,DEVER.MCCORMICK,865.17,80.1,61,70.55,0.916741226,373.26
26440191000,06/08/2014,605105506 1 kWh,SCH,DEVER.MCCORMICK,830.64,81,66.9,73.95,0.907977069,383.94
26440191000,06/09/2014,605105506 1 kWh,SCH,DEVER.MCCORMICK,1873.979976,81,66,73.5,0.956591684,423.93
26440191000,06/10/2014,605105506 1 kWh,SCH,DEVER.MCCORMICK,1908.629983,79,59,69,0.958673316,435.36
26440191000,06/11/2014,605105506 1 kWh,SCH,DEVER.MCCORMICK,1829.429981,63,57.9,60.45,0.958702556,420.48
26440191000,06/12/2014,605105506 1 kWh,SCH,DEVER.MCCORMICK,1839.899981,66,59,62.5,0.962599271,397.17
26440191000,06/13/2014,605105506 1 kWh,SCH,DEVER.MCCORMICK,1746.449989,64,59,61.5,0.95837467,404.49
26440191000,06/14/2014,605105506 1 kWh,SCH,DEVER.MCCORMICK,856.68,77,57.9,67.45,0.921376188,356.1
26440191000,06/15/2014,605105506 1 kWh,SCH,DEVER.MCCORMICK,816.9,80.1,57.9,69,0.910775378,370.74
26440191000,06/16/2014,605105506 1 kWh,SCH,DEVER.MCCORMICK,1766.429992,73,62.1,67.55,0.954574934,417.96
26440191000,06/17/2014,605105506 1 kWh,SCH,DEVER.MCCORMICK,838.02,84,62.1,73.05,0.913512688,373.35
26440191000,06/18/2014,605105506 1 kWh,SCH,DEVER.MCCORMICK,1694.579989,87.1,68,77.55,0.951681917,448.89
26440191000,06/19/2014,605105506 1 kWh,SCH,DEVER.MCCORMICK,1754.699986,84,66.9,75.45,0.953010427,446.31
26440191000,06/20/2014,605105506 1 kWh,SCH,DEVER.MCCORMICK,1521.719984,77,61,69,0.94408567,441.75
26440191000,06/21/2014,605105506 1 kWh,SCH,DEVER.MCCORMICK,799.83,75,57,66,0.906618451,366.81
26440191000,06/22/2014,605105506 1 kWh,SCH,DEVER.MCCORMICK,783.09,71.1,59,65.05,0.902784194,372.39
26440191000,06/23/2014,605105506 1 kWh,SCH,DEVER.MCCORMICK,1563.149988,77,59,68,0.949636826,415.68
26440191000,06/24/2014,605105506 1 kWh,SCH,DEVER.MCCORMICK,1493.819985,84,60.1,72.05,0.952868549,377.01
26440191000,06/25/2014,605105506 1 kWh,SCH,DEVER.MCCORMICK,1243.41,89.1,66,77.55,0.943330451,374.7
26440191000,06/26/2014,605105506 1 kWh,SCH,DEVER.MCCORMICK,968.64,81,60.1,70.55,0.934240003,350.79
26440191000,06/27/2014,605105506 1 kWh,SCH,DEVER.MCCORMICK,905.58,72,59,65.5,0.935845628,319.62
26440191000,06/28/2014,605105506 1 kWh,SCH,DEVER.MCCORMICK,605.1,80.1,59,69.55,0.907737372,280.53
26440191000,06/29/2014,605105506 1 kWh,SCH,DEVER.MCCORMICK,607.47,86,62.1,74.05,0.908736083,279.75
26440191000,06/30/2014,605105506 1 kWh,SCH,DEVER.MCCORMICK,903.03,89.1,64,76.55,0.935278764,323.97
26440191000,07/01/2014,605105506 1 kWh,SCH,DEVER.MCCORMICK,978.9,89.1,69.1,79.1,0.944172097,323.91
26440191000,07/02/2014,605105506 1 kWh,SCH,DEVER.MCCORMICK,987.33,91,73,82,0.939592052,329.76
26440191000,07/03/2014,605105506 1 kWh,SCH,DEVER.MCCORMICK,912.18,91.9,69.1,80.5,0.928003882,347.97
26440191000,07/04/2014,605105506 1 kWh,SCH,DEVER.MCCORMICK,678.21,75.9,64,69.95,0.898101906,332.85
26440191000,07/05/2014,605105506 1 kWh,SCH,DEVER.MCCORMICK,627.48,80.1,59,69.55,0.905087243,295.5
26440191000,07/06/2014,605105506 1 kWh,SCH,DEVER.MCCORMICK,622.5,84.9,66,75.45,0.908237184,287.55
26440191000,07/07/2014,605105506 1 kWh,SCH,DEVER.MCCORMICK,1030.62,88,69.1,78.55,0.933295174,351.96
26440191000,07/08/2014,605105506 1 kWh,SCH,DEVER.MCCORMICK,1056.93,91.9,73,82.45,0.930932792,371.46
26440191000,07/09/2014,605105506 1 kWh,SCH,DEVER.MCCORMICK,1035.99,88,73,80.5,0.931234618,375.33
26440191000,07/10/2014,605105506 1 kWh,SCH,DEVER.MCCORMICK,1062.45,82,66,74,0.931687635,378.9
26440191000,07/11/2014,605105506 1 kWh,SCH,DEVER.MCCORMICK,1037.4,73,63,68,0.92582826,375.99
26440191000,07/12/2014,605105506 1 kWh,SCH,DEVER.MCCORMICK,670.71,80.1,62.1,71.1,0.89827041,328.89
26440191000,07/13/2014,605105506 1 kWh,SCH,DEVER.MCCORMICK,667.44,84.9,68,76.45,0.898503858,326.67
26440191000,07/14/2014,605105506 1 kWh,SCH,DEVER.MCCORMICK,1042.32,86,71.1,78.55,0.925683174,392.16
26440191000,07/15/2014,605105506 1 kWh,SCH,DEVER.MCCORMICK,1140.96,84.9,71.1,78,0.935392472,389.7
26440191000,07/16/2014,605105506 1 kWh,SCH,DEVER.MCCORMICK,1222.86,75.9,69.1,72.5,0.941129854,384.57
26440191000,07/17/2014,605105506 1 kWh,SCH,DEVER.MCCORMICK,1113.66,81,66.9,73.95,0.936261351,386.58
26440191000,07/18/2014,605105506 1 kWh,SCH,DEVER.MCCORMICK,1084.89,75.9,64.9,70.4,0.933419913,370.44
26440191000,07/19/2014,605105506 1 kWh,SCH,DEVER.MCCORMICK,701.1,72,63,67.5,0.906379524,327.48
26440191000,07/20/2014,605105506 1 kWh,SCH,DEVER.MCCORMICK,695.07,72,61,66.5,0.906910872,323.64
26440191000,07/21/2014,605105506 1 kWh,SCH,DEVER.MCCORMICK,1013.49,73,61,67,0.923128139,386.07
26440191000,07/22/2014,605105506 1 kWh,SCH,DEVER.MCCORMICK,987.48,87.1,63,75.05,0.920183885,392.13
26440191000,07/23/2014,605105506 1 kWh,SCH,DEVER.MCCORMICK,1001.04,91.9,71.1,81.5,0.917581257,400.8
26440191000,07/24/2014,605105506 1 kWh,SCH,DEVER.MCCORMICK,1053.69,75.9,63,69.45,0.924376594,394.59
26440191000,07/25/2014,605105506 1 kWh,SCH,DEVER.MCCORMICK,1061.52,82.9,62.1,72.5,0.934048563,359.43
26440191000,07/26/2014,605105506 1 kWh,SCH,DEVER.MCCORMICK,754.32,84.9,64,74.45,0.91904792,323.4
26440191000,07/27/2014,605105506 1 kWh,SCH,DEVER.MCCORMICK,733.5,80.1,66,73.05,0.915731938,322.56
26440191000,07/28/2014,605105506 1 kWh,SCH,DEVER.MCCORMICK,1242.12,84,64.9,74.45,0.940594042,384.39
26440191000,07/29/2014,605105506 1 kWh,SCH,DEVER.MCCORMICK,1169.61,79,64,71.5,0.94398475,355.5
26440191000,07/30/2014,605105506 1 kWh,SCH,DEVER.MCCORMICK,1033.29,78.1,63,70.55,0.936761858,351.48
26440191000,07/31/2014,605105506 1 kWh,SCH,DEVER.MCCORMICK,1040.85,81,62.1,71.55,0.934487951,361.65
26440191000,08/01/2014,605105506 1 kWh,SCH,DEVER.MCCORMICK,973.17,82,64.9,73.45,0.933060229,350.01
26440191000,08/02/2014,605105506 1 kWh,SCH,DEVER.MCCORMICK,719.64,72,62.1,67.05,0.921205469,302.52
26440191000,08/03/2014,605105506 1 kWh,SCH,DEVER.MCCORMICK,713.31,70,62.1,66.05,0.920414438,301.71
26440191000,08/04/2014,605105506 1 kWh,SCH,DEVER.MCCORMICK,1022.55,80.1,62.1,71.1,0.937793125,358.38
26440191000,08/05/2014,605105506 1 kWh,SCH,DEVER.MCCORMICK,1097.7,82,70,76,0.936338969,395.04
26440191000,08/06/2014,605105506 1 kWh,SCH,DEVER.MCCORMICK,1200.96,82.9,70,76.45,0.950209226,362.82
26440191000,08/07/2014,605105506 1 kWh,SCH,DEVER.MCCORMICK,1180.62,79,64,71.5,0.949508226,362.01
26440191000,08/08/2014,605105506 1 kWh,SCH,DEVER.MCCORMICK,1079.16,84.9,61,72.95,0.949112438,327.72
26440191000,08/09/2014,605105506 1 kWh,SCH,DEVER.MCCORMICK,767.61,78.1,64.9,71.5,0.935856125,286.5
26440191000,08/10/2014,605105506 1 kWh,SCH,DEVER.MCCORMICK,727.14,80.1,66,73.05,0.931562111,284.01
26440191000,08/11/2014,605105506 1 kWh,SCH,DEVER.MCCORMICK,922.35,84,64.9,74.45,0.929045944,366.33
26440191000,08/12/2014,605105506 1 kWh,SCH,DEVER.MCCORMICK,979.83,82,64,73,0.936969476,360.03
26440191000,08/13/2014,605105506 1 kWh,SCH,DEVER.MCCORMICK,1122.81,69.1,64,66.55,0.94927725,354.03
26440191000,08/14/2014,605105506 1 kWh,SCH,DEVER.MCCORMICK,1029.72,77,62.1,69.55,0.939474969,362.07
26440191000,08/15/2014,605105506 1 kWh,SCH,DEVER.MCCORMICK,1034.52,75,60.1,67.55,0.946007108,325.47
26440191000,08/16/2014,605105506 1 kWh,SCH,DEVER.MCCORMICK,788.85,78.1,61,69.55,0.945202358,250.29
26440191000,08/17/2014,605105506 1 kWh,SCH,DEVER.MCCORMICK,735.39,81,64,72.5,0.940763236,259.14
26440191000,08/18/2014,605105506 1 kWh,SCH,DEVER.MCCORMICK,1059.24,79,62.1,70.55,0.94612875,340.65
26440191000,08/19/2014,605105506 1 kWh,SCH,DEVER.MCCORMICK,1061.34,73.9,59,66.45,0.943802771,348.24
26440191000,08/20/2014,605105506 1 kWh,SCH,DEVER.MCCORMICK,1096.98,73.9,59,66.45,0.943117889,355.17
26440191000,08/21/2014,605105506 1 kWh,SCH,DEVER.MCCORMICK,1135.02,72,60.1,66.05,0.941666868,373.23
26440191000,08/22/2014,605105506 1 kWh,SCH,DEVER.MCCORMICK,1072.44,72,63,67.5,0.93746283,353.49
26440191000,08/23/2014,605105506 1 kWh,SCH,DEVER.MCCORMICK,662.73,72,61,66.5,0.907290913,306.42
26440191000,08/24/2014,605105506 1 kWh,SCH,DEVER.MCCORMICK,665.37,75,63,69,0.908914972,305.1
26440191000,08/25/2014,605105506 1 kWh,SCH,DEVER.MCCORMICK,1290.63,81,66.9,73.95,0.949156142,364.44
26440191000,08/26/2014,605105506 1 kWh,SCH,DEVER.MCCORMICK,1246.11,84.9,64,74.45,0.948531278,361.38
26440191000,08/27/2014,605105506 1 kWh,SCH,DEVER.MCCORMICK,1246.71,91,66.9,78.95,0.942811288,392.58
26440191000,08/28/2014,605105506 1 kWh,SCH,DEVER.MCCORMICK,1300.38,82,64,73,0.943993042,405.48
26440191000,08/29/2014,605105506 1 kWh,SCH,DEVER.MCCORMICK,1305.78,71.1,59,65.05,0.953105271,366.66
26440191000,08/30/2014,605105506 1 kWh,SCH,DEVER.MCCORMICK,767.76,79,57.9,68.45,0.931043892,301.5
26440191000,08/31/2014,605105506 1 kWh,SCH,DEVER.MCCORMICK,757.47,84.9,66.9,75.9,0.929181226,301.71
26440191000,09/01/2014,605105506 1 kWh,SCH,DEVER.MCCORMICK,892.98,84.9,72,78.45,0.913243045,402.03
26440191000,09/02/2014,605105506 1 kWh,SCH,DEVER.MCCORMICK,1584.569995,93,71.1,82.05,0.954242365,427.86
26440191000,09/03/2014,605105506 1 kWh,SCH,DEVER.MCCORMICK,1632.659986,84.9,72,78.45,0.948092469,475.38
26440191000,09/04/2014,605105506 1 kWh,SCH,DEVER.MCCORMICK,1908.839978,82.9,66,74.45,0.952456083,488.73
26440191000,09/05/2014,605105506 1 kWh,SCH,DEVER.MCCORMICK,1755.779981,91,66.9,78.95,0.952223316,477
26440191000,09/06/2014,605105506 1 kWh,SCH,DEVER.MCCORMICK,886.41,91.9,69.1,80.5,0.907016208,411.81
26440191000,09/07/2014,605105506 1 kWh,SCH,DEVER.MCCORMICK,860.07,75.9,63,69.45,0.909626132,393.33
26440191000,09/08/2014,605105506 1 kWh,SCH,DEVER.MCCORMICK,1946.549983,71.1,59,65.05,0.954471701,485.55
26440191000,09/09/2014,605105506 1 kWh,SCH,DEVER.MCCORMICK,1985.549974,69.1,61,65.05,0.959447552,471.15
26440191000,09/10/2014,605105506 1 kWh,SCH,DEVER.MCCORMICK,1976.099973,70,60.1,65.05,0.959060031,473.01
26440191000,09/11/2014,605105506 1 kWh,SCH,DEVER.MCCORMICK,2003.879975,80.1,62.1,71.1,0.955618424,504.03
26440191000,09/12/2014,605105506 1 kWh,SCH,DEVER.MCCORMICK,1825.379987,68,55.9,61.95,0.960312632,420.75
26440191000,09/13/2014,605105506 1 kWh,SCH,DEVER.MCCORMICK,824.34,66.9,53.1,60,0.900800177,397.35
26440191000,09/14/2014,605105506 1 kWh,SCH,DEVER.MCCORMICK,793.86,66,52,59,0.904514003,374.91
26440191000,09/15/2014,605105506 1 kWh,SCH,DEVER.MCCORMICK,1899.299982,66.9,48,57.45,0.960173167,395.19
26440191000,09/16/2014,605105506 1 kWh,SCH,DEVER.MCCORMICK,1991.249971,64.9,55,59.95,0.967030278,395.88
26440191000,09/17/2014,605105506 1 kWh,SCH,DEVER.MCCORMICK,1925.009978,69.1,54,61.55,0.969355552,385.41
26440191000,09/18/2014,605105506 1 kWh,SCH,DEVER.MCCORMICK,1965.539977,75,55,65,0.968911872,383.97
26440191000,09/19/2014,605105506 1 kWh,SCH,DEVER.MCCORMICK,1723.799986,55.9,46,50.95,0.964269288,349.62
26440191000,09/20/2014,605105506 1 kWh,SCH,DEVER.MCCORMICK,749.43,73,46.9,59.95,0.907484455,347.52
26440191000,09/21/2014,605105506 1 kWh,SCH,DEVER.MCCORMICK,755.49,82,63,72.5,0.906810139,351.84
26440191000,09/22/2014,605105506 1 kWh,SCH,DEVER.MCCORMICK,1929.08998,73.9,53.1,63.5,0.955090337,430.98
26440191000,09/23/2014,605105506 1 kWh,SCH,DEVER.MCCORMICK,1898.759981,72,50,61,0.963079632,387.12
26440191000,09/24/2014,605105506 1 kWh,SCH,DEVER.MCCORMICK,1878.509979,66,54,60,0.96580617,387.27
26440191000,09/25/2014,605105506 1 kWh,SCH,DEVER.MCCORMICK,1932.689979,62.1,53.1,57.6,0.968584267,355.44
26440191000,09/26/2014,605105506 1 kWh,SCH,DEVER.MCCORMICK,1755.569984,69.1,54,61.55,0.962934038,390.15
26440191000,09/27/2014,605105506 1 kWh,SCH,DEVER.MCCORMICK,774.3,81,60.1,70.55,0.904043757,366.87
26440191000,09/28/2014,605105506 1 kWh,SCH,DEVER.MCCORMICK,787.83,87.1,60.1,73.6,0.902026333,377.52
26440191000,09/29/2014,605105506 1 kWh,SCH,DEVER.MCCORMICK,1963.58998,73.9,57,65.45,0.958317826,431.58
26440191000,09/30/2014,605105506 1 kWh,SCH,DEVER.MCCORMICK,1986.359981,57,55.9,56.45,0.969337066,372.21
26440191000,10/01/2014,605105506 1 kWh,SCH,DEVER.MCCORMICK,1898.339988,57,55.9,56.45,0.970896528,339.57
26440191000,10/02/2014,605105506 1 kWh,SCH,DEVER.MCCORMICK,1941.569973,55.9,51.1,53.5,0.96874049,358.53
26440191000,10/03/2014,605105506 1 kWh,SCH,DEVER.MCCORMICK,1779.299983,55,48,51.5,0.968571764,325.47
26440191000,10/04/2014,605105506 1 kWh,SCH,DEVER.MCCORMICK,705.27,63,53.1,58.05,0.913669118,314.46
26440191000,10/05/2014,605105506 1 kWh,SCH,DEVER.MCCORMICK,704.88,61,48.9,54.95,0.913286757,315
26440191000,10/06/2014,605105506 1 kWh,SCH,DEVER.MCCORMICK,1813.799984,66.9,43,54.95,0.965181802,328.56
26440191000,10/07/2014,605105506 1 kWh,SCH,DEVER.MCCORMICK,1877.789981,73,55,64,0.968799017,359.76
26440191000,10/08/2014,605105506 1 kWh,SCH,DEVER.MCCORMICK,1887.479981,73,57.9,65.45,0.966525868,389.22
26440191000,10/09/2014,605105506 1 kWh,SCH,DEVER.MCCORMICK,1846.289978,66,50,58,0.972039747,326.07
26440191000,10/10/2014,605105506 1 kWh,SCH,DEVER.MCCORMICK,1703.759988,63,51.1,57.05,0.971417774,318.39
26440191000,10/11/2014,605105506 1 kWh,SCH,DEVER.MCCORMICK,749.1,54,46.9,50.45,0.925201361,308.01
26440191000,10/12/2014,605105506 1 kWh,SCH,DEVER.MCCORMICK,740.58,59,44.1,51.55,0.926558486,301.35
26440191000,10/13/2014,605105506 1 kWh,SCH,DEVER.MCCORMICK,791.88,63,45,54,0.913921035,352.98
26440191000,10/14/2014,605105506 1 kWh,SCH,DEVER.MCCORMICK,1892.729975,78.1,57,67.55,0.965693514,369.93
26440191000,10/15/2014,605105506 1 kWh,SCH,DEVER.MCCORMICK,1901.699968,81,61,71,0.963327642,404.79
26440191000,10/16/2014,605105506 1 kWh,SCH,DEVER.MCCORMICK,1966.619973,70,60.1,65.05,0.959926785,427.98
26440191000,10/17/2014,605105506 1 kWh,SCH,DEVER.MCCORMICK,1713.299988,71.1,57,64.05,0.957800462,392.43
26440191000,10/18/2014,605105506 1 kWh,SCH,DEVER.MCCORMICK,777.81,71.1,55,63.05,0.923936889,319.26
26440191000,10/19/2014,605105506 1 kWh,SCH,DEVER.MCCORMICK,716.94,55.9,43,49.45,0.927432733,289.89
26440191000,10/20/2014,605105506 1 kWh,SCH,DEVER.MCCORMICK,1889.579975,57.9,39,48.45,0.970015135,339.45
26440191000,10/21/2014,605105506 1 kWh,SCH,DEVER.MCCORMICK,1877.639982,62.1,48.9,55.5,0.976359767,304.98
26440191000,10/22/2014,605105506 1 kWh,SCH,DEVER.MCCORMICK,1841.699985,55.9,50,52.95,0.973373521,286.59
26440191000,10/23/2014,605105506 1 kWh,SCH,DEVER.MCCORMICK,1877.129984,54,48,51,0.972320854,312
26440191000,10/24/2014,605105506 1 kWh,SCH,DEVER.MCCORMICK,1655.639982,52,46,49,0.968972167,278.31
26440191000,10/25/2014,605105506 1 kWh,SCH,DEVER.MCCORMICK,696.63,64,46,55,0.918468601,300.78
26440191000,10/26/2014,605105506 1 kWh,SCH,DEVER.MCCORMICK,695.73,59,46.9,52.95,0.918369184,300.42
26440191000,10/27/2014,605105506 1 kWh,SCH,DEVER.MCCORMICK,1795.679974,63,46,54.5,0.965688497,317.52
26440191000,10/28/2014,605105506 1 kWh,SCH,DEVER.MCCORMICK,1876.769975,60.1,45,52.55,0.972056253,313.77
26440191000,10/29/2014,605105506 1 kWh,SCH,DEVER.MCCORMICK,1858.529982,73.9,52,62.95,0.968617826,350.88
26440191000,10/30/2014,605105506 1 kWh,SCH,DEVER.MCCORMICK,1843.319983,59,46,52.5,0.973285101,299.04
26440191000,10/31/2014,605105506 1 kWh,SCH,DEVER.MCCORMICK,1659.929987,54,45,49.5,0.969129594,287.55
26440191000,11/01/2014,605105506 1 kWh,SCH,DEVER.MCCORMICK,661.17,48.9,39,43.95,0.922498122,277.5
26440191000,11/02/2014,605105506 1 kWh,SCH,DEVER.MCCORMICK,657.24,42.1,34,38.05,0.930486306,259.2
26440191000,11/03/2014,605105506 1 kWh,SCH,DEVER.MCCORMICK,1920.869973,53.1,36,44.55,0.964719951,380.07
26440191000,11/04/2014,605105506 1 kWh,SCH,DEVER.MCCORMICK,1887.629982,57,45,51,0.97392349,322.98
26440191000,11/05/2014,605105506 1 kWh,SCH,DEVER.MCCORMICK,1933.229975,66,46.9,56.45,0.970645545,364.29
26440191000,11/06/2014,605105506 1 kWh,SCH,DEVER.MCCORMICK,1901.999979,51.1,46,48.55,0.973347781,291.96
26440191000,11/07/2014,605105506 1 kWh,SCH,DEVER.MCCORMICK,1696.469983,48.9,39,43.95,0.969191,286.8
26440191000,11/08/2014,605105506 1 kWh,SCH,DEVER.MCCORMICK,671.94,48,35.1,41.55,0.929958274,265.53
26440191000,11/09/2014,605105506 1 kWh,SCH,DEVER.MCCORMICK,681.09,55.9,39.9,47.9,0.936107684,256.5
26440191000,11/10/2014,605105506 1 kWh,SCH,DEVER.MCCORMICK,1925.069977,57.9,37,47.45,0.971244514,320.34
26440191000,11/11/2014,605105506 1 kWh,SCH,DEVER.MCCORMICK,850.89,63,42.1,52.55,0.939965476,311.13
26440191000,11/12/2014,605105506 1 kWh,SCH,DEVER.MCCORMICK,1953.509981,60.1,46,53.05,0.974534163,321.27
26440191000,11/13/2014,605105506 1 kWh,SCH,DEVER.MCCORMICK,1890.269976,50,37.9,43.95,0.975386326,293.52
26440191000,11/14/2014,605105506 1 kWh,SCH,DEVER.MCCORMICK,1778.789987,44.1,33.1,38.6,0.974137635,299.4
26440191000,11/15/2014,605105506 1 kWh,SCH,DEVER.MCCORMICK,912.45,39.9,30.2,35.05,0.938356431,333.75
26440191000,11/16/2014,605105506 1 kWh,SCH,DEVER.MCCORMICK,725.16,42.1,29.1,35.6,0.939851128,264.33
26440191000,11/17/2014,605105506 1 kWh,SCH,DEVER.MCCORMICK,2033.48997,48,37,42.5,0.971347608,355.62
26440191000,11/18/2014,605105506 1 kWh,SCH,DEVER.MCCORMICK,2008.319974,44.1,27.1,35.6,0.976725653,307.62
26440191000,11/19/2014,605105506 1 kWh,SCH,DEVER.MCCORMICK,1997.849976,37,24.3,30.65,0.975061451,331.29
26440191000,11/20/2014,605105506 1 kWh,SCH,DEVER.MCCORMICK,1983.14997,48,31.1,39.55,0.974361226,310.53
26440191000,11/21/2014,605105506 1 kWh,SCH,DEVER.MCCORMICK,1818.509986,36,27.1,31.55,0.97138466,338.61
26440191000,11/22/2014,605105506 1 kWh,SCH,DEVER.MCCORMICK,790.26,44.1,24.3,34.2,0.943855736,278.34
26440191000,11/23/2014,605105506 1 kWh,SCH,DEVER.MCCORMICK,766.65,59,42.1,50.55,0.944284962,267.81
26440191000,11/24/2014,605105506 1 kWh,SCH,DEVER.MCCORMICK,2046.359978,64.9,42.1,53.5,0.972511198,358.14
26440191000,11/25/2014,605105506 1 kWh,SCH,DEVER.MCCORMICK,1920.689974,62.1,48,55.05,0.974565146,298.56
26440191000,11/26/2014,605105506 1 kWh,SCH,DEVER.MCCORMICK,1626.20999,50,33.1,41.55,0.970185896,318.24
26440191000,11/27/2014,605105506 1 kWh,SCH,DEVER.MCCORMICK,773.91,37.9,31.1,34.5,0.943363083,272.79
26440191000,11/28/2014,605105506 1 kWh,SCH,DEVER.MCCORMICK,857.91,35.1,27.1,31.1,0.938159542,322.38
26440191000,11/29/2014,605105506 1 kWh,SCH,DEVER.MCCORMICK,813.15,34,23.2,28.6,0.943567233,288.63
26440191000,11/30/2014,605105506 1 kWh,SCH,DEVER.MCCORMICK,774.63,57,32,44.5,0.945982344,266.46
26440191000,12/01/2014,605105506 1 kWh,SCH,DEVER.MCCORMICK,1986.329973,64,39,51.5,0.972244934,344.91
26440191000,12/02/2014,605105506 1 kWh,SCH,DEVER.MCCORMICK,1997.939968,42.1,33.1,37.6,0.96970974,344.1
26440191000,12/03/2014,605105506 1 kWh,SCH,DEVER.MCCORMICK,1996.709976,51.1,37,44.05,0.971359132,327.15
26440191000,12/04/2014,605105506 1 kWh,SCH,DEVER.MCCORMICK,1951.619975,43,30.2,36.6,0.973545063,320.16
26440191000,12/05/2014,605105506 1 kWh,SCH,DEVER.MCCORMICK,1801.319986,42.1,26.2,34.15,0.970894413,327.12
26440191000,12/06/2014,605105506 1 kWh,SCH,DEVER.MCCORMICK,1110.93,45,37.9,41.45,0.941679358,354.57
26440191000,12/07/2014,605105506 1 kWh,SCH,DEVER.MCCORMICK,720.12,37.9,21.2,29.55,0.924310816,301.2
26440191000,12/08/2014,605105506 1 kWh,SCH,DEVER.MCCORMICK,2129.909963,29.1,18.1,23.6,0.965560611,411.87
26440191000,12/09/2014,605105506 1 kWh,SCH,DEVER.MCCORMICK,2071.649981,48.9,29.1,39,0.971524778,363.45
26440191000,12/10/2014,605105506 1 kWh,SCH,DEVER.MCCORMICK,2060.879969,48,37.9,42.95,0.968962965,383.1
26440191000,12/11/2014,605105506 1 kWh,SCH,DEVER.MCCORMICK,2066.669973,39,32,35.5,0.971450476,353.16
26440191000,12/12/2014,605105506 1 kWh,SCH,DEVER.MCCORMICK,1839.419981,39,31.1,35.05,0.967892208,364.17
26440191000,12/13/2014,605105506 1 kWh,SCH,DEVER.MCCORMICK,795.57,42.1,32,37.05,0.941029292,287.64
26440191000,12/14/2014,605105506 1 kWh,SCH,DEVER.MCCORMICK,788.4,45,33.1,39.05,0.938760097,292.2
26440191000,12/15/2014,605105506 1 kWh,SCH,DEVER.MCCORMICK,2054.729978,42.1,32,37.05,0.968131035,400.47
26440191000,12/16/2014,605105506 1 kWh,SCH,DEVER.MCCORMICK,2078.309965,44.1,35.1,39.6,0.971148056,348.27
26440191000,12/17/2014,605105506 1 kWh,SCH,DEVER.MCCORMICK,1955.369969,48.9,41,44.95,0.971176472,337.23
26440191000,12/18/2014,605105506 1 kWh,SCH,DEVER.MCCORMICK,1968.299976,44.1,36,40.05,0.972521236,323.52
26440191000,12/19/2014,605105506 1 kWh,SCH,DEVER.MCCORMICK,1903.169981,37,29.1,33.05,0.971152316,358.35
26440191000,12/20/2014,605105506 1 kWh,SCH,DEVER.MCCORMICK,789.3,36,27.1,31.55,0.942675899,281.55
26440191000,12/21/2014,605105506 1 kWh,SCH,DEVER.MCCORMICK,824.31,36,30.2,33.1,0.941817372,297.84
26440191000,12/22/2014,605105506 1 kWh,SCH,DEVER.MCCORMICK,2042.369977,44.1,33.1,38.6,0.970888049,364.56
26440191000,12/23/2014,605105506 1 kWh,SCH,DEVER.MCCORMICK,1893.449978,46.9,42.1,44.5,0.970849868,341.13
26440191000,12/24/2014,605105506 1 kWh,SCH,DEVER.MCCORMICK,819.15,46,41,43.5,0.941201847,257.97
26440191000,12/25/2014,605105506 1 kWh,SCH,DEVER.MCCORMICK,599.31,59,44.1,51.55,0.923458115,249.81
26440191000,12/26/2014,605105506 1 kWh,SCH,DEVER.MCCORMICK,752.28,50,37,43.5,0.956393417,214.11
26440191000,12/27/2014,605105506 1 kWh,SCH,DEVER.MCCORMICK,639.36,52,37.9,44.95,0.945110628,221.76
26440191000,12/28/2014,605105506 1 kWh,SCH,DEVER.MCCORMICK,639.36,52,39.9,45.95,0.944772267,222.42
26440191000,12/29/2014,605105506 1 kWh,SCH,DEVER.MCCORMICK,955.35,41,30.2,35.6,0.962180976,253.32
26440191000,12/30/2014,605105506 1 kWh,SCH,DEVER.MCCORMICK,998.94,30.2,22.1,26.15,0.959737028,281.25
26440191000,12/31/2014,605105506 1 kWh,SCH,DEVER.MCCORMICK,908.97,30.2,20.1,25.15,0.943748368,312.96